{
    "dimentions": [
        100,
        100
    ],
    "lst": [
        {
            "type": "DrawableArc",
            "point": [
                50.0,
                50.0
            ],
            "radius": 50,
            "start_angle": 3.1415926535897932384626433832795,
            "end_angle": 6.283185307179586476925286766559
        }
    ]
}